Date,Channel,Product,Revenue,Orders,Visitors,Customers,AdSpend
2026-07-01,자사몰,베이직 티셔츠,392100,10,332,9,19600
2026-07-01,자사몰,린넨 셔츠,253700,6,186,5,12700
2026-07-01,오픈마켓,베이직 티셔츠,294400,7,198,6,45500
2026-07-01,오픈마켓,린넨 셔츠,193600,5,157,4,36000
2026-07-01,인스타그램,베이직 티셔츠,198900,5,165,4,38900
2026-07-01,인스타그램,린넨 셔츠,164700,4,143,4,20400
2026-07-02,자사몰,베이직 티셔츠,483800,12,350,11,24200
2026-07-02,자사몰,린넨 셔츠,242800,6,207,5,12100
2026-07-02,오픈마켓,베이직 티셔츠,298600,7,232,6,44700
2026-07-02,오픈마켓,린넨 셔츠,231000,6,171,5,31500
2026-07-02,인스타그램,베이직 티셔츠,207100,5,153,4,34600
2026-07-02,인스타그램,린넨 셔츠,161600,4,137,4,28400
2026-07-03,자사몰,베이직 티셔츠,383400,9,290,8,19200
2026-07-03,자사몰,린넨 셔츠,350700,8,242,7,17500
2026-07-03,오픈마켓,베이직 티셔츠,389400,10,313,9,70300
2026-07-03,오픈마켓,린넨 셔츠,209600,5,142,4,36400
2026-07-03,인스타그램,베이직 티셔츠,212900,5,175,4,30900
2026-07-03,인스타그램,린넨 셔츠,171000,4,131,4,26800
2026-07-04,자사몰,베이직 티셔츠,546700,12,382,11,27300
2026-07-04,자사몰,린넨 셔츠,346400,9,303,8,17300
2026-07-04,오픈마켓,베이직 티셔츠,413500,9,311,8,59000
2026-07-04,오픈마켓,린넨 셔츠,260100,6,169,5,40800
2026-07-04,인스타그램,베이직 티셔츠,233600,6,171,5,42400
2026-07-04,인스타그램,린넨 셔츠,159900,4,125,4,30300
2026-07-05,자사몰,베이직 티셔츠,415900,10,324,9,20800
2026-07-05,자사몰,린넨 셔츠,401000,9,314,8,20000
2026-07-05,오픈마켓,베이직 티셔츠,371900,9,278,8,70900
2026-07-05,오픈마켓,린넨 셔츠,313700,8,235,7,43500
2026-07-05,인스타그램,베이직 티셔츠,209400,5,164,4,29500
2026-07-05,인스타그램,린넨 셔츠,165400,4,124,4,27300
2026-07-06,자사몰,베이직 티셔츠,478800,11,353,10,23900
2026-07-06,자사몰,린넨 셔츠,303900,7,199,6,15200
2026-07-06,오픈마켓,베이직 티셔츠,398200,9,315,8,73200
2026-07-06,오픈마켓,린넨 셔츠,247200,6,173,5,42200
2026-07-06,인스타그램,베이직 티셔츠,192700,5,148,4,25600
2026-07-06,인스타그램,린넨 셔츠,153700,4,112,4,20300
2026-07-07,자사몰,베이직 티셔츠,368200,9,254,8,18400
2026-07-07,자사몰,린넨 셔츠,343300,8,234,7,17200
2026-07-07,오픈마켓,베이직 티셔츠,326200,8,247,7,42300
2026-07-07,오픈마켓,린넨 셔츠,275700,6,190,5,43800
2026-07-07,인스타그램,베이직 티셔츠,194100,5,154,4,27400
2026-07-07,인스타그램,린넨 셔츠,157200,4,113,4,30800
2026-07-08,자사몰,베이직 티셔츠,430900,11,356,10,21500
2026-07-08,자사몰,린넨 셔츠,253300,6,215,5,12700
2026-07-08,오픈마켓,베이직 티셔츠,392100,9,271,8,58600
2026-07-08,오픈마켓,린넨 셔츠,220900,5,161,4,40300
2026-07-08,인스타그램,베이직 티셔츠,198900,5,172,4,39500
2026-07-08,인스타그램,린넨 셔츠,177800,4,138,4,31900
2026-07-09,자사몰,베이직 티셔츠,379300,9,278,8,19000
2026-07-09,자사몰,린넨 셔츠,267600,7,212,6,13400
2026-07-09,오픈마켓,베이직 티셔츠,304800,7,250,6,47500
2026-07-09,오픈마켓,린넨 셔츠,275400,6,214,5,41100
2026-07-09,인스타그램,베이직 티셔츠,199100,5,148,4,27100
2026-07-09,인스타그램,린넨 셔츠,135600,3,104,3,21500
2026-07-10,자사몰,베이직 티셔츠,444000,10,287,9,22200
2026-07-10,자사몰,린넨 셔츠,316900,7,240,6,15800
2026-07-10,오픈마켓,베이직 티셔츠,376400,9,265,8,68900
2026-07-10,오픈마켓,린넨 셔츠,222000,5,179,4,33700
2026-07-10,인스타그램,베이직 티셔츠,227900,5,169,4,30400
2026-07-10,인스타그램,린넨 셔츠,117600,3,106,3,21700
2026-07-11,자사몰,베이직 티셔츠,446100,10,358,9,22300
2026-07-11,자사몰,린넨 셔츠,367200,9,292,8,18400
2026-07-11,오픈마켓,베이직 티셔츠,343000,9,322,8,59000
2026-07-11,오픈마켓,린넨 셔츠,272800,6,189,5,51800
2026-07-11,인스타그램,베이직 티셔츠,277800,7,210,6,39800
2026-07-11,인스타그램,린넨 셔츠,170800,4,120,4,26200
2026-07-12,자사몰,베이직 티셔츠,452800,10,308,9,22600
2026-07-12,자사몰,린넨 셔츠,341300,8,282,7,17100
2026-07-12,오픈마켓,베이직 티셔츠,408100,9,288,8,66300
2026-07-12,오픈마켓,린넨 셔츠,267000,7,221,6,36000
2026-07-12,인스타그램,베이직 티셔츠,222000,5,147,4,35000
2026-07-12,인스타그램,린넨 셔츠,169800,4,122,4,27400
2026-07-13,자사몰,베이직 티셔츠,442700,10,288,9,22100
2026-07-13,자사몰,린넨 셔츠,319900,8,242,7,16000
2026-07-13,오픈마켓,베이직 티셔츠,378600,9,292,8,68500
2026-07-13,오픈마켓,린넨 셔츠,290800,7,230,6,46700
2026-07-13,인스타그램,베이직 티셔츠,217700,5,158,4,35400
2026-07-13,인스타그램,린넨 셔츠,136600,3,101,3,26000
2026-07-14,자사몰,베이직 티셔츠,480900,12,390,11,24000
2026-07-14,자사몰,린넨 셔츠,357800,8,233,7,17900
2026-07-14,오픈마켓,베이직 티셔츠,332300,8,229,7,46300
2026-07-14,오픈마켓,린넨 셔츠,216800,5,171,4,41600
2026-07-14,인스타그램,베이직 티셔츠,218600,5,166,4,28700
2026-07-14,인스타그램,린넨 셔츠,183000,4,119,4,35900
2026-07-15,자사몰,베이직 티셔츠,419000,10,359,9,21000
2026-07-15,자사몰,린넨 셔츠,353600,9,283,8,17700
2026-07-15,오픈마켓,베이직 티셔츠,366400,9,266,8,53300
2026-07-15,오픈마켓,린넨 셔츠,267100,7,227,6,41500
2026-07-15,인스타그램,베이직 티셔츠,203300,5,165,4,32700
2026-07-15,인스타그램,린넨 셔츠,137600,3,103,3,27200
2026-07-16,자사몰,베이직 티셔츠,401200,10,283,9,20100
2026-07-16,자사몰,린넨 셔츠,321300,8,232,7,16100
2026-07-16,오픈마켓,베이직 티셔츠,362300,8,276,7,51000
2026-07-16,오픈마켓,린넨 셔츠,226800,5,163,4,39900
2026-07-16,인스타그램,베이직 티셔츠,192300,5,168,4,29600
2026-07-16,인스타그램,린넨 셔츠,136500,3,99,3,25100
2026-07-17,자사몰,베이직 티셔츠,403600,9,257,8,20200
2026-07-17,자사몰,린넨 셔츠,333000,8,246,7,16600
2026-07-17,오픈마켓,베이직 티셔츠,363300,8,241,7,47400
2026-07-17,오픈마켓,린넨 셔츠,239400,6,173,5,31800
2026-07-17,인스타그램,베이직 티셔츠,198100,5,152,4,28600
2026-07-17,인스타그램,린넨 셔츠,161300,4,128,4,21700
2026-07-18,자사몰,베이직 티셔츠,495900,13,390,12,24800
2026-07-18,자사몰,린넨 셔츠,307100,7,227,6,15400
2026-07-18,오픈마켓,베이직 티셔츠,376200,9,319,8,48300
2026-07-18,오픈마켓,린넨 셔츠,331700,8,256,7,62000
2026-07-18,인스타그램,베이직 티셔츠,252300,6,201,5,50100
2026-07-18,인스타그램,린넨 셔츠,178600,4,135,4,30500
2026-07-19,자사몰,베이직 티셔츠,489400,12,341,11,24500
2026-07-19,자사몰,린넨 셔츠,308500,8,271,7,15400
2026-07-19,오픈마켓,베이직 티셔츠,393100,10,287,9,73600
2026-07-19,오픈마켓,린넨 셔츠,303600,7,212,6,42300
2026-07-19,인스타그램,베이직 티셔츠,250100,6,176,5,38900
2026-07-19,인스타그램,린넨 셔츠,182800,4,143,4,29900
2026-07-20,자사몰,베이직 티셔츠,411500,9,274,8,20600
2026-07-20,자사몰,린넨 셔츠,304100,8,248,7,15200
2026-07-20,오픈마켓,베이직 티셔츠,378200,9,266,8,60700
2026-07-20,오픈마켓,린넨 셔츠,200600,5,144,4,30500
2026-07-20,인스타그램,베이직 티셔츠,190900,5,152,4,26500
2026-07-20,인스타그램,린넨 셔츠,168900,4,136,4,29200
2026-07-21,자사몰,베이직 티셔츠,495400,11,342,10,24800
2026-07-21,자사몰,린넨 셔츠,321100,7,204,6,16100
2026-07-21,오픈마켓,베이직 티셔츠,388300,9,255,8,72500
2026-07-21,오픈마켓,린넨 셔츠,301100,7,237,6,55700
2026-07-21,인스타그램,베이직 티셔츠,211000,5,160,4,39400
2026-07-21,인스타그램,린넨 셔츠,178400,4,131,4,34200
2026-07-22,자사몰,베이직 티셔츠,479000,11,328,10,24000
2026-07-22,자사몰,린넨 셔츠,273500,7,216,6,13700
2026-07-22,오픈마켓,베이직 티셔츠,312800,7,227,6,53200
2026-07-22,오픈마켓,린넨 셔츠,260700,6,191,5,31400
2026-07-22,인스타그램,베이직 티셔츠,263900,6,192,5,43000
2026-07-22,인스타그램,린넨 셔츠,154100,4,136,4,21600
2026-07-23,자사몰,베이직 티셔츠,401200,10,338,9,20100
2026-07-23,자사몰,린넨 셔츠,307400,7,251,6,15400
2026-07-23,오픈마켓,베이직 티셔츠,369500,9,286,8,64600
2026-07-23,오픈마켓,린넨 셔츠,257600,6,199,5,32500
2026-07-23,인스타그램,베이직 티셔츠,200200,5,170,4,28900
2026-07-23,인스타그램,린넨 셔츠,152400,4,114,4,21600
2026-07-24,자사몰,베이직 티셔츠,478900,11,367,10,23900
2026-07-24,자사몰,린넨 셔츠,294900,7,222,6,14700
2026-07-24,오픈마켓,베이직 티셔츠,350500,9,316,8,47600
2026-07-24,오픈마켓,린넨 셔츠,272900,6,169,5,42800
2026-07-24,인스타그램,베이직 티셔츠,228700,5,158,4,32400
2026-07-24,인스타그램,린넨 셔츠,136700,3,89,3,22800
2026-07-25,자사몰,베이직 티셔츠,464100,11,392,10,23200
2026-07-25,자사몰,린넨 셔츠,311900,7,224,6,15600
2026-07-25,오픈마켓,베이직 티셔츠,479900,11,328,10,92100
2026-07-25,오픈마켓,린넨 셔츠,305600,8,224,7,48700
2026-07-25,인스타그램,베이직 티셔츠,242500,6,175,5,35800
2026-07-25,인스타그램,린넨 셔츠,178900,4,112,4,32200
2026-07-26,자사몰,베이직 티셔츠,584400,15,531,14,29200
2026-07-26,자사몰,린넨 셔츠,406900,9,273,8,20300
2026-07-26,오픈마켓,베이직 티셔츠,411400,10,360,9,68800
2026-07-26,오픈마켓,린넨 셔츠,290000,7,211,6,35900
2026-07-26,인스타그램,베이직 티셔츠,223400,5,151,4,43500
2026-07-26,인스타그램,린넨 셔츠,160500,4,128,4,21700
2026-07-27,자사몰,베이직 티셔츠,456500,10,351,9,22800
2026-07-27,자사몰,린넨 셔츠,344400,8,282,7,17200
2026-07-27,오픈마켓,베이직 티셔츠,423900,10,338,9,52500
2026-07-27,오픈마켓,린넨 셔츠,291200,7,238,6,50000
2026-07-27,인스타그램,베이직 티셔츠,230400,6,212,5,30000
2026-07-27,인스타그램,린넨 셔츠,163000,4,122,4,29200
2026-07-28,자사몰,베이직 티셔츠,521100,13,432,12,26100
2026-07-28,자사몰,린넨 셔츠,297200,7,218,6,14900
2026-07-28,오픈마켓,베이직 티셔츠,353600,9,267,8,68100
2026-07-28,오픈마켓,린넨 셔츠,278300,7,247,6,55600
2026-07-28,인스타그램,베이직 티셔츠,234700,6,177,5,29900
2026-07-28,인스타그램,린넨 셔츠,154900,4,120,4,21800
2026-07-29,자사몰,베이직 티셔츠,496100,11,374,10,24800
2026-07-29,자사몰,린넨 셔츠,330500,8,258,7,16500
2026-07-29,오픈마켓,베이직 티셔츠,366400,9,256,8,52100
2026-07-29,오픈마켓,린넨 셔츠,312100,8,256,7,53200
2026-07-29,인스타그램,베이직 티셔츠,278100,7,211,6,38900
2026-07-29,인스타그램,린넨 셔츠,166300,4,143,4,31200
2026-07-30,자사몰,베이직 티셔츠,534400,14,396,13,26700
2026-07-30,자사몰,린넨 셔츠,361300,8,254,7,18100
2026-07-30,오픈마켓,베이직 티셔츠,380000,10,311,9,73800
2026-07-30,오픈마켓,린넨 셔츠,269100,6,215,5,37600
2026-07-30,인스타그램,베이직 티셔츠,196200,5,161,4,34200
2026-07-30,인스타그램,린넨 셔츠,175100,4,133,4,31700
2026-07-31,자사몰,베이직 티셔츠,466500,11,311,10,23300
2026-07-31,자사몰,린넨 셔츠,358700,9,318,8,17900
2026-07-31,오픈마켓,베이직 티셔츠,404300,10,290,9,56700
2026-07-31,오픈마켓,린넨 셔츠,261500,6,173,5,32900
2026-07-31,인스타그램,베이직 티셔츠,256000,6,187,5,35300
2026-07-31,인스타그램,린넨 셔츠,152300,4,122,4,23900
2026-08-01,자사몰,베이직 티셔츠,604200,14,491,13,30200
2026-08-01,자사몰,린넨 셔츠,358900,9,270,8,17900
2026-08-01,오픈마켓,베이직 티셔츠,480000,11,335,10,58400
2026-08-01,오픈마켓,린넨 셔츠,303800,7,220,6,42700
2026-08-01,인스타그램,베이직 티셔츠,272400,6,179,5,33400
2026-08-01,인스타그램,린넨 셔츠,165500,4,134,4,22500
2026-08-02,자사몰,베이직 티셔츠,614800,14,449,13,30700
2026-08-02,자사몰,린넨 셔츠,366100,8,244,7,18300
2026-08-02,오픈마켓,베이직 티셔츠,478200,12,357,11,86500
2026-08-02,오픈마켓,린넨 셔츠,273700,6,192,5,36900
2026-08-02,인스타그램,베이직 티셔츠,248000,6,200,5,48600
2026-08-02,인스타그램,린넨 셔츠,164600,4,119,4,32600
2026-08-03,자사몰,베이직 티셔츠,422600,11,313,10,21100
2026-08-03,자사몰,린넨 셔츠,316300,7,245,6,15800
2026-08-03,오픈마켓,베이직 티셔츠,413800,9,319,8,60600
2026-08-03,오픈마켓,린넨 셔츠,227400,5,170,4,27900
2026-08-03,인스타그램,베이직 티셔츠,246200,6,186,5,36100
2026-08-03,인스타그램,린넨 셔츠,152100,4,121,4,22500
2026-08-04,자사몰,베이직 티셔츠,545900,14,500,13,27300
2026-08-04,자사몰,린넨 셔츠,286000,7,242,6,14300
2026-08-04,오픈마켓,베이직 티셔츠,414600,10,284,9,65500
2026-08-04,오픈마켓,린넨 셔츠,272100,6,177,5,40600
2026-08-04,인스타그램,베이직 티셔츠,267700,7,219,6,49500
2026-08-04,인스타그램,린넨 셔츠,191600,5,141,4,24000
2026-08-05,자사몰,베이직 티셔츠,520700,13,442,12,26000
2026-08-05,자사몰,린넨 셔츠,366400,9,272,8,18300
2026-08-05,오픈마켓,베이직 티셔츠,429400,10,301,9,76100
2026-08-05,오픈마켓,린넨 셔츠,241200,6,168,5,43500
2026-08-05,인스타그램,베이직 티셔츠,258400,6,213,5,31500
2026-08-05,인스타그램,린넨 셔츠,167200,4,143,4,32800
2026-08-06,자사몰,베이직 티셔츠,480100,12,377,11,24000
2026-08-06,자사몰,린넨 셔츠,318000,7,206,6,15900
2026-08-06,오픈마켓,베이직 티셔츠,439100,10,346,9,79800
2026-08-06,오픈마켓,린넨 셔츠,284400,7,214,6,42400
2026-08-06,인스타그램,베이직 티셔츠,270400,7,207,6,48700
2026-08-06,인스타그램,린넨 셔츠,154100,4,113,4,25300
2026-08-07,자사몰,베이직 티셔츠,458400,10,351,9,22900
2026-08-07,자사몰,린넨 셔츠,401200,10,287,9,20100
2026-08-07,오픈마켓,베이직 티셔츠,335900,8,269,7,52300
2026-08-07,오픈마켓,린넨 셔츠,248000,6,198,5,43100
2026-08-07,인스타그램,베이직 티셔츠,268700,6,200,5,34800
2026-08-07,인스타그램,린넨 셔츠,201800,5,163,4,30200
2026-08-08,자사몰,베이직 티셔츠,593900,15,450,14,29700
2026-08-08,자사몰,린넨 셔츠,353000,9,316,8,17600
2026-08-08,오픈마켓,베이직 티셔츠,446700,11,343,10,89100
2026-08-08,오픈마켓,린넨 셔츠,318800,8,276,7,54900
2026-08-08,인스타그램,베이직 티셔츠,310500,8,254,7,57600
2026-08-08,인스타그램,린넨 셔츠,226600,5,142,4,32500
2026-08-09,자사몰,베이직 티셔츠,513700,13,465,12,25700
2026-08-09,자사몰,린넨 셔츠,409000,9,279,8,20400
2026-08-09,오픈마켓,베이직 티셔츠,499100,12,361,11,90900
2026-08-09,오픈마켓,린넨 셔츠,349600,9,295,8,59300
2026-08-09,인스타그램,베이직 티셔츠,245700,6,175,5,33500
2026-08-09,인스타그램,린넨 셔츠,171200,4,133,4,23300
2026-08-10,자사몰,베이직 티셔츠,406200,10,334,9,20300
2026-08-10,자사몰,린넨 셔츠,324000,8,237,7,16200
2026-08-10,오픈마켓,베이직 티셔츠,423800,10,285,9,54300
2026-08-10,오픈마켓,린넨 셔츠,254400,6,199,5,32400
2026-08-10,인스타그램,베이직 티셔츠,217800,5,156,4,31100
2026-08-10,인스타그램,린넨 셔츠,182500,4,122,4,30200
2026-08-11,자사몰,베이직 티셔츠,454600,11,384,10,22700
2026-08-11,자사몰,린넨 셔츠,409100,10,296,9,20500
2026-08-11,오픈마켓,베이직 티셔츠,435900,11,309,10,83700
2026-08-11,오픈마켓,린넨 셔츠,267400,6,187,5,51000
2026-08-11,인스타그램,베이직 티셔츠,235800,6,169,5,38700
2026-08-11,인스타그램,린넨 셔츠,181100,4,115,4,30700
2026-08-12,자사몰,베이직 티셔츠,462400,11,321,10,23100
2026-08-12,자사몰,린넨 셔츠,337400,8,283,7,16900
2026-08-12,오픈마켓,베이직 티셔츠,335400,8,276,7,66200
2026-08-12,오픈마켓,린넨 셔츠,234100,6,213,5,46400
2026-08-12,인스타그램,베이직 티셔츠,230600,6,212,5,34800
2026-08-12,인스타그램,린넨 셔츠,171900,4,138,4,22800
2026-08-13,자사몰,베이직 티셔츠,517100,13,406,12,25900
2026-08-13,자사몰,린넨 셔츠,401700,9,265,8,20100
2026-08-13,오픈마켓,베이직 티셔츠,370800,9,289,8,55900
2026-08-13,오픈마켓,린넨 셔츠,239900,6,203,5,46000
2026-08-13,인스타그램,베이직 티셔츠,212500,5,170,4,26100
2026-08-13,인스타그램,린넨 셔츠,194700,5,164,4,31900
2026-08-14,자사몰,베이직 티셔츠,525800,13,408,12,26300
2026-08-14,자사몰,린넨 셔츠,372700,9,299,8,18600
2026-08-14,오픈마켓,베이직 티셔츠,373600,9,254,8,63300
2026-08-14,오픈마켓,린넨 셔츠,279200,7,239,6,50900
2026-08-14,인스타그램,베이직 티셔츠,236600,6,191,5,30400
2026-08-14,인스타그램,린넨 셔츠,165800,4,115,4,25800
2026-08-15,자사몰,베이직 티셔츠,574900,15,496,14,28700
2026-08-15,자사몰,린넨 셔츠,350900,8,274,7,17500
2026-08-15,오픈마켓,베이직 티셔츠,461200,12,384,11,69300
2026-08-15,오픈마켓,린넨 셔츠,351800,9,314,8,70300
2026-08-15,인스타그램,베이직 티셔츠,311600,7,207,6,61900
2026-08-15,인스타그램,린넨 셔츠,182600,4,141,4,24300
2026-08-16,자사몰,베이직 티셔츠,636200,14,399,13,31800
2026-08-16,자사몰,린넨 셔츠,396400,9,263,8,19800
2026-08-16,오픈마켓,베이직 티셔츠,522600,13,449,12,68700
2026-08-16,오픈마켓,린넨 셔츠,317500,7,208,6,44800
2026-08-16,인스타그램,베이직 티셔츠,283900,7,198,6,38200
2026-08-16,인스타그램,린넨 셔츠,182000,4,134,4,34900
2026-08-17,자사몰,베이직 티셔츠,442800,10,289,9,22100
2026-08-17,자사몰,린넨 셔츠,344700,8,247,7,17200
2026-08-17,오픈마켓,베이직 티셔츠,424400,10,326,9,80900
2026-08-17,오픈마켓,린넨 셔츠,229700,5,165,4,34800
2026-08-17,인스타그램,베이직 티셔츠,280800,7,251,6,46700
2026-08-17,인스타그램,린넨 셔츠,176500,4,126,4,23700
2026-08-18,자사몰,베이직 티셔츠,537400,14,484,13,26900
2026-08-18,자사몰,린넨 셔츠,344900,8,287,7,17200
2026-08-18,오픈마켓,베이직 티셔츠,389800,9,275,8,46800
2026-08-18,오픈마켓,린넨 셔츠,235200,6,198,5,36400
2026-08-18,인스타그램,베이직 티셔츠,271000,6,174,5,37400
2026-08-18,인스타그램,린넨 셔츠,190900,5,140,4,28300
2026-08-19,자사몰,베이직 티셔츠,449400,11,328,10,22500
2026-08-19,자사몰,린넨 셔츠,341700,8,237,7,17100
2026-08-19,오픈마켓,베이직 티셔츠,418000,10,291,9,81500
2026-08-19,오픈마켓,린넨 셔츠,274400,7,201,6,46900
2026-08-19,인스타그램,베이직 티셔츠,265500,6,187,5,37500
2026-08-19,인스타그램,린넨 셔츠,129500,3,97,3,19200
2026-08-20,자사몰,베이직 티셔츠,540200,13,461,12,27000
2026-08-20,자사몰,린넨 셔츠,359900,9,317,8,18000
2026-08-20,오픈마켓,베이직 티셔츠,338000,8,250,7,47000
2026-08-20,오픈마켓,린넨 셔츠,265400,6,169,5,43500
2026-08-20,인스타그램,베이직 티셔츠,274000,7,207,6,46200
2026-08-20,인스타그램,린넨 셔츠,172500,4,138,4,23100
2026-08-21,자사몰,베이직 티셔츠,484800,12,341,11,24200
2026-08-21,자사몰,린넨 셔츠,398400,9,304,8,19900
2026-08-21,오픈마켓,베이직 티셔츠,358000,8,272,7,56300
2026-08-21,오픈마켓,린넨 셔츠,291300,7,209,6,37400
2026-08-21,인스타그램,베이직 티셔츠,229900,6,184,5,41400
2026-08-21,인스타그램,린넨 셔츠,179100,4,135,4,25300
2026-08-22,자사몰,베이직 티셔츠,580800,14,480,13,29000
2026-08-22,자사몰,린넨 셔츠,401200,10,331,9,20100
2026-08-22,오픈마켓,베이직 티셔츠,516600,13,456,12,62600
2026-08-22,오픈마켓,린넨 셔츠,319100,8,272,7,62400
2026-08-22,인스타그램,베이직 티셔츠,121800,3,105,3,17800
2026-08-22,인스타그램,린넨 셔츠,90500,2,66,2,15900
2026-08-23,자사몰,베이직 티셔츠,595800,13,413,12,29800
2026-08-23,자사몰,린넨 셔츠,435800,10,349,9,21800
2026-08-23,오픈마켓,베이직 티셔츠,438000,10,326,9,63300
2026-08-23,오픈마켓,린넨 셔츠,300900,7,200,6,58000
2026-08-23,인스타그램,베이직 티셔츠,114600,3,87,3,22300
2026-08-23,인스타그램,린넨 셔츠,78300,2,56,2,9700
2026-08-24,자사몰,베이직 티셔츠,559900,13,436,12,28000
2026-08-24,자사몰,린넨 셔츠,385300,10,327,9,19300
2026-08-24,오픈마켓,베이직 티셔츠,400900,9,311,8,76700
2026-08-24,오픈마켓,린넨 셔츠,269700,6,212,5,52700
2026-08-24,인스타그램,베이직 티셔츠,118900,3,87,3,14600
2026-08-24,인스타그램,린넨 셔츠,89000,2,66,2,16600
2026-08-25,자사몰,베이직 티셔츠,523900,13,374,12,26200
2026-08-25,자사몰,린넨 셔츠,308400,7,207,6,15400
2026-08-25,오픈마켓,베이직 티셔츠,372500,9,254,8,52300
2026-08-25,오픈마켓,린넨 셔츠,262400,6,186,5,38200
2026-08-25,인스타그램,베이직 티셔츠,126100,3,104,3,21400
2026-08-25,인스타그램,린넨 셔츠,82600,2,63,2,15000
2026-08-26,자사몰,베이직 티셔츠,480000,11,355,10,24000
2026-08-26,자사몰,린넨 셔츠,314300,7,201,6,15700
2026-08-26,오픈마켓,베이직 티셔츠,433000,11,308,10,59000
2026-08-26,오픈마켓,린넨 셔츠,320800,7,196,6,51100
2026-08-26,인스타그램,베이직 티셔츠,266200,6,177,5,42500
2026-08-26,인스타그램,린넨 셔츠,178600,4,120,4,34900
2026-08-27,자사몰,베이직 티셔츠,476600,12,403,11,23800
2026-08-27,자사몰,린넨 셔츠,349900,9,298,8,17500
2026-08-27,오픈마켓,베이직 티셔츠,354400,8,269,7,64800
2026-08-27,오픈마켓,린넨 셔츠,285900,7,218,6,43300
2026-08-27,인스타그램,베이직 티셔츠,270800,7,246,6,33000
2026-08-27,인스타그램,린넨 셔츠,160400,4,141,4,25700
2026-08-28,자사몰,베이직 티셔츠,495800,11,329,10,24800
2026-08-28,자사몰,린넨 셔츠,338000,8,272,7,16900
2026-08-28,오픈마켓,베이직 티셔츠,431700,10,308,9,63100
2026-08-28,오픈마켓,린넨 셔츠,268500,6,200,5,48200
2026-08-28,인스타그램,베이직 티셔츠,249100,6,205,5,41400
2026-08-28,인스타그램,린넨 셔츠,166800,4,140,4,23200
2026-08-29,자사몰,베이직 티셔츠,525400,13,437,12,26300
2026-08-29,자사몰,린넨 셔츠,470800,12,351,11,23500
2026-08-29,오픈마켓,베이직 티셔츠,446700,11,354,10,59400
2026-08-29,오픈마켓,린넨 셔츠,316100,8,286,7,56400
2026-08-29,인스타그램,베이직 티셔츠,274200,6,173,5,41300
2026-08-29,인스타그램,린넨 셔츠,221800,5,169,4,34300
2026-08-30,자사몰,베이직 티셔츠,560400,13,375,12,28000
2026-08-30,자사몰,린넨 셔츠,534400,13,368,12,26700
2026-08-30,오픈마켓,베이직 티셔츠,443300,10,335,9,70900
2026-08-30,오픈마켓,린넨 셔츠,458800,11,320,10,77200
2026-08-30,인스타그램,베이직 티셔츠,307500,7,247,6,47500
2026-08-30,인스타그램,린넨 셔츠,307900,7,220,6,42600
2026-08-31,자사몰,베이직 티셔츠,540500,12,410,11,27000
2026-08-31,자사몰,린넨 셔츠,537800,12,401,11,26900
2026-08-31,오픈마켓,베이직 티셔츠,416300,10,305,9,70900
2026-08-31,오픈마켓,린넨 셔츠,330900,8,274,7,58600
2026-08-31,인스타그램,베이직 티셔츠,280000,7,220,6,43800
2026-08-31,인스타그램,린넨 셔츠,247600,6,200,5,48100
2026-09-01,자사몰,베이직 티셔츠,475600,11,376,10,23800
2026-09-01,자사몰,린넨 셔츠,461100,11,394,10,23100
2026-09-01,오픈마켓,베이직 티셔츠,381100,9,264,8,69600
2026-09-01,오픈마켓,린넨 셔츠,463700,11,317,10,77000
2026-09-01,인스타그램,베이직 티셔츠,262400,6,193,5,44900
2026-09-01,인스타그램,린넨 셔츠,253000,6,188,5,49500
2026-09-02,자사몰,베이직 티셔츠,478200,11,343,10,23900
2026-09-02,자사몰,린넨 셔츠,545700,14,502,13,27300
2026-09-02,오픈마켓,베이직 티셔츠,384500,10,302,9,58400
2026-09-02,오픈마켓,린넨 셔츠,330800,8,251,7,58200
2026-09-02,인스타그램,베이직 티셔츠,240700,6,179,5,43200
2026-09-02,인스타그램,린넨 셔츠,295500,7,208,6,54400
2026-09-03,자사몰,베이직 티셔츠,516000,13,377,12,25800
2026-09-03,자사몰,린넨 셔츠,533700,12,397,11,26700
2026-09-03,오픈마켓,베이직 티셔츠,425000,10,298,9,83800
2026-09-03,오픈마켓,린넨 셔츠,388000,9,311,8,71900
2026-09-03,인스타그램,베이직 티셔츠,242100,6,194,5,31500
2026-09-03,인스타그램,린넨 셔츠,285900,7,244,6,40400
2026-09-04,자사몰,베이직 티셔츠,520400,13,408,12,26000
2026-09-04,자사몰,린넨 셔츠,456300,12,405,11,22800
2026-09-04,오픈마켓,베이직 티셔츠,399600,10,304,9,63300
2026-09-04,오픈마켓,린넨 셔츠,387900,9,299,8,57800
2026-09-04,인스타그램,베이직 티셔츠,313800,7,199,6,58400
2026-09-04,인스타그램,린넨 셔츠,265600,6,175,5,49500
2026-09-05,자사몰,베이직 티셔츠,648000,17,478,15,32400
2026-09-05,자사몰,린넨 셔츠,648700,15,450,14,32400
2026-09-05,오픈마켓,베이직 티셔츠,430600,11,329,10,78400
2026-09-05,오픈마켓,린넨 셔츠,431400,11,388,10,79100
2026-09-05,인스타그램,베이직 티셔츠,270800,6,197,5,49400
2026-09-05,인스타그램,린넨 셔츠,316100,7,240,6,59100
2026-09-06,자사몰,베이직 티셔츠,566100,13,419,12,28300
2026-09-06,자사몰,린넨 셔츠,622600,15,526,14,31100
2026-09-06,오픈마켓,베이직 티셔츠,481400,12,358,11,63100
2026-09-06,오픈마켓,린넨 셔츠,461600,12,381,11,60700
2026-09-06,인스타그램,베이직 티셔츠,293900,7,226,6,55600
2026-09-06,인스타그램,린넨 셔츠,268400,6,190,5,44300
2026-09-07,자사몰,베이직 티셔츠,581400,13,403,12,29100
2026-09-07,자사몰,린넨 셔츠,502500,11,315,10,25100
2026-09-07,오픈마켓,베이직 티셔츠,430900,10,282,9,72700
2026-09-07,오픈마켓,린넨 셔츠,409100,9,276,8,81200
2026-09-07,인스타그램,베이직 티셔츠,251300,6,211,5,30800
2026-09-07,인스타그램,린넨 셔츠,258000,6,184,5,48700
2026-09-08,자사몰,베이직 티셔츠,501600,12,386,11,25100
2026-09-08,자사몰,린넨 셔츠,555600,14,441,13,27800
2026-09-08,오픈마켓,베이직 티셔츠,424300,10,346,9,60900
2026-09-08,오픈마켓,린넨 셔츠,453500,11,352,10,64300
2026-09-08,인스타그램,베이직 티셔츠,274800,6,199,5,50400
2026-09-08,인스타그램,린넨 셔츠,243200,6,182,5,40600
2026-09-09,자사몰,베이직 티셔츠,575600,13,368,12,28800
2026-09-09,자사몰,린넨 셔츠,541000,12,388,11,27000
2026-09-09,오픈마켓,베이직 티셔츠,363600,9,252,8,49200
2026-09-09,오픈마켓,린넨 셔츠,471600,11,366,10,86400
2026-09-09,인스타그램,베이직 티셔츠,300300,7,231,6,51100
2026-09-09,인스타그램,린넨 셔츠,256600,6,201,5,35200
2026-09-10,자사몰,베이직 티셔츠,583300,14,477,13,29200
2026-09-10,자사몰,린넨 셔츠,434000,11,311,10,21700
2026-09-10,오픈마켓,베이직 티셔츠,453100,10,332,9,67700
2026-09-10,오픈마켓,린넨 셔츠,442900,10,325,9,62300
2026-09-10,인스타그램,베이직 티셔츠,248200,6,183,5,38300
2026-09-10,인스타그램,린넨 셔츠,272800,6,171,5,45100
2026-09-11,자사몰,베이직 티셔츠,467400,12,414,11,23400
2026-09-11,자사몰,린넨 셔츠,544200,12,379,11,27200
2026-09-11,오픈마켓,베이직 티셔츠,369900,9,295,8,72100
2026-09-11,오픈마켓,린넨 셔츠,459800,11,344,10,58900
2026-09-11,인스타그램,베이직 티셔츠,277900,7,204,6,33700
2026-09-11,인스타그램,린넨 셔츠,217400,5,145,4,42900
2026-09-12,자사몰,베이직 티셔츠,539500,12,348,11,27000
2026-09-12,자사몰,린넨 셔츠,525100,12,359,11,26300
2026-09-12,오픈마켓,베이직 티셔츠,553000,14,398,13,100600
2026-09-12,오픈마켓,린넨 셔츠,493300,11,372,10,62500
2026-09-12,인스타그램,베이직 티셔츠,305700,7,222,6,59500
2026-09-12,인스타그램,린넨 셔츠,274300,6,202,5,33200
2026-09-13,자사몰,베이직 티셔츠,518500,12,414,11,25900
2026-09-13,자사몰,린넨 셔츠,526400,13,440,12,26300
2026-09-13,오픈마켓,베이직 티셔츠,448900,10,319,9,56000
2026-09-13,오픈마켓,린넨 셔츠,468600,11,347,10,81600
2026-09-13,인스타그램,베이직 티셔츠,266300,6,185,5,45700
2026-09-13,인스타그램,린넨 셔츠,289400,7,218,6,52900
